0,1,2,3,4,5,6,7,8,9,10,11,12,13,14,15,16,17,18,19,20,21,22,23,24,25,26,27,28,29,30,31,32,33,34,35,36,37
0.0,-19.381226,-13.9418335,-27.322693,-31.182922,-18.622986,-27.310913,-31.58258,-17.831116,-23.073486,-32.917664,-14.762329,-20.264587,-24.945984,-26.952698,-27.188782,-11.413879,-33.39789,-20.589172,-22.864136,-24.925537,-21.269287,-31.456238,-32.07312,-39.440186,-13.7092285,-30.86322,-27.065735,-15.968384,-14.784851,-20.043457,-20.39087,-19.712708,-23.664856,-13.25415,-13.07251,-26.674011,-19.649841
0.0,-20.285706,-15.262817,-28.786926,-32.703247,-19.553589,-28.335754,-32.845276,-18.941345,-24.124756,-35.109314,-16.39508,-19.860596,-25.801636,-27.522766,-28.477661,-13.147217,-36.068848,-21.131042,-22.822998,-26.43158,-22.398804,-32.873596,-33.043396,-40.694153,-14.907471,-32.52356,-28.662903,-16.697388,-15.775085,-20.99762,-20.697144,-22.002747,-24.978333,-14.08728,-13.299011,-27.245789,-20.553406
0.0,-20.617188,-16.135376,-29.155212,-33.170776,-19.574646,-28.807861,-33.510986,-20.160889,-25.03534,-35.568787,-16.659607,-20.65741,-25.850952,-28.343262,-29.087524,-13.265442,-35.998596,-22.079712,-23.8526,-26.789612,-22.964355,-34.274963,-33.73181,-41.585693,-14.724365,-32.61548,-29.32196,-15.47345,-16.018188,-21.834778,-20.51886,-21.408997,-25.608643,-13.038879,-13.64917,-28.01355,-21.374939
0.0,-20.919312,-16.82129,-29.980774,-33.62372,-20.365234,-29.78363,-33.32721,-19.87976,-25.24353,-36.422913,-17.49762,-21.202454,-26.359436,-29.660645,-29.857788,-14.020325,-37.314636,-22.345398,-24.776367,-27.001099,-22.998413,-35.11554,-34.16205,-42.41974,-15.6466675,-32.91736,-29.998901,-16.69989,-16.98291,-22.273743,-21.322144,-22.936523,-29.458252,-13.789551,-13.812744,-28.940979,-22.417908
0.0,-21.530273,-18.428162,-30.995667,-34.57782,-21.100952,-30.908997,-33.369507,-20.96112,-25.582703,-36.802124,-18.419006,-22.369263,-27.684143,-30.22528,-30.06958,-14.701721,-38.105164,-23.179993,-25.981995,-28.334473,-24.271729,-36.35675,-35.445312,-43.406982,-16.295654,-34.491394,-31.338745,-17.616516,-19.106506,-23.304443,-24.05487,-24.70868,-32.286743,-15.859253,-14.935181,-30.311218,-24.567566
0.0,-21.424805,-18.526611,-29.794678,-34.625244,-21.5625,-31.134277,-33.378662,-21.275696,-26.095703,-37.503418,-18.861267,-23.690552,-27.723694,-30.76886,-29.81659,-14.925415,-38.72943,-23.460266,-26.121704,-28.253174,-23.707703,-36.872925,-35.542847,-44.005737,-16.214417,-34.59674,-31.534058,-16.74469,-17.939026,-21.682068,-23.744751,-23.606995,-31.666199,-15.287964,-14.971802,-30.256836,-24.366394
0.0,-22.051758,-18.817322,-29.507935,-34.544006,-21.311829,-30.959717,-34.052124,-21.879333,-27.375122,-38.82013,-17.12732,-22.486572,-28.67456,-30.98993,-31.432861,-15.194946,-38.858704,-23.852661,-26.984436,-28.669983,-23.711487,-37.157654,-36.62854,-44.01526,-16.992676,-35.05188,-32.94873,-18.77356,-18.17987,-23.425842,-23.929321,-25.010254,-32.621155,-16.322998,-15.455322,-30.634766,-24.42273
0.0,-22.208435,-18.965637,-30.522034,-34.627625,-22.034912,-31.51886,-33.093933,-21.275696,-27.124634,-39.97296,-18.332642,-24.441895,-30.075867,-31.165466,-31.749268,-14.904358,-39.575012,-23.493835,-27.318054,-28.861816,-23.645203,-38.1026,-36.77112,-44.315186,-17.970215,-35.508728,-32.85504,-17.9021,-18.482544,-24.527344,-24.581787,-25.347229,-32.385437,-17.48883,-15.643555,-30.423706,-23.950806
0.0,-22.616272,-20.494202,-31.187317,-36.32831,-22.988281,-33.078796,-34.812134,-22.131226,-28.05426,-41.638794,-18.733704,-24.371826,-29.326355,-31.75653,-33.031555,-15.82605,-41.60077,-24.444458,-28.666382,-30.271667,-25.020386,-40.03882,-37.753174,-46.668274,-17.833496,-36.308655,-33.917236,-19.82904,-19.314148,-25.62439,-26.067322,-26.585632,-32.849182,-17.957275,-15.8776245,-31.459839,-26.627014
0.0,-23.462524,-20.893494,-31.714233,-36.702026,-23.744812,-33.16028,-34.457886,-23.033508,-27.331787,-41.94165,-19.01355,-25.170898,-30.663635,-32.299805,-32.661255,-16.26947,-41.660522,-25.077698,-29.521301,-30.795654,-25.53479,-40.553894,-37.752625,-46.215576,-17.650208,-36.981567,-33.782837,-19.643982,-19.315796,-25.76532,-26.089478,-27.21753,-32.914307,-18.333618,-18.051697,-31.660156,-26.665588
0.0,-24.12854,-21.128357,-31.806519,-36.69586,-23.82904,-33.013184,-34.707336,-22.868774,-28.93274,-43.36493,-18.591614,-24.801147,-30.380249,-32.4505,-33.788574,-16.680237,-42.22284,-25.019958,-29.468323,-31.450623,-26.69226,-41.425415,-37.971497,-46.449524,-18.10675,-37.867065,-34.36963,-19.65863,-19.333862,-25.875977,-26.890015,-28.090637,-32.7099,-18.63623,-18.529053,-32.57312,-26.883423
0.0,-24.249878,-21.959167,-33.007935,-36.95813,-24.658264,-33.715637,-35.315308,-23.174927,-29.700867,-44.475037,-18.85736,-24.33435,-30.935852,-32.48767,-33.87903,-17.117493,-43.196228,-25.114807,-30.832092,-32.763184,-26.949097,-41.8443,-38.68103,-47.595215,-18.5354,-37.81201,-35.234314,-20.670288,-21.0672,-26.499268,-27.41626,-28.54535,-33.179565,-20.256897,-18.869568,-32.921326,-28.007446
0.0,-24.889648,-22.206238,-33.44635,-37.782043,-25.503479,-34.97412,-35.888977,-23.758484,-29.562439,-45.441162,-18.526184,-24.291077,-31.748291,-34.007446,-35.223328,-18.127075,-43.96747,-25.756226,-31.673645,-33.329224,-28.254517,-43.901,-39.48468,-47.939636,-18.75946,-38.90509,-36.697327,-19.121582,-21.256897,-26.804626,-27.607239,-28.484375,-32.032227,-19.585571,-20.22345,-33.045166,-26.555664
0.0,-25.006042,-22.547668,-33.658142,-38.065918,-25.683044,-35.41974,-36.539185,-25.010376,-30.846558,-47.23456,-19.569702,-25.293396,-32.99652,-34.105957,-34.686096,-17.859009,-44.79657,-25.808716,-31.918762,-34.850403,-26.699158,-44.158264,-40.182373,-48.753113,-19.630981,-39.75537,-37.215027,-20.92218,-22.66803,-26.91687,-28.363647,-29.346924,-33.898132,-20.246826,-20.372559,-34.461,-29.090332
0.0,-25.632568,-22.392822,-33.850586,-38.471924,-25.80304,-35.21051,-35.9917,-24.830994,-30.843628,-46.801636,-20.421387,-26.053833,-32.06427,-34.482483,-34.976807,-17.643433,-45.772827,-26.24945,-32.205933,-35.484497,-28.307861,-45.123596,-40.39557,-49.602905,-18.74292,-39.73883,-37.232788,-20.646301,-23.747437,-26.724365,-28.513428,-29.606262,-33.573364,-19.894592,-20.872375,-33.86487,-28.558044
0.0,-26.114868,-22.930298,-34.30127,-38.69934,-25.776245,-35.90918,-37.40674,-25.28241,-31.643127,-48.254333,-18.83722,-24.047363,-32.19513,-34.789917,-35.59485,-17.899902,-46.276123,-26.26184,-31.885254,-35.48889,-30.009705,-46.398193,-41.020813,-50.229004,-19.561584,-40.80475,-38.54242,-20.870972,-24.339844,-27.677307,-28.72998,-30.060547,-34.31482,-21.269836,-20.956055,-34.944824,-29.559692
0.0,-27.009155,-23.450195,-34.661804,-40.48346,-26.898926,-36.45233,-37.83081,-26.046753,-32.01764,-49.214417,-21.256104,-26.081543,-33.610413,-34.891235,-36.671814,-18.849121,-47.74701,-27.757874,-32.88495,-35.925964,-31.104553,-47.5484,-42.313477,-51.244324,-20.906494,-41.534363,-39.16632,-21.376953,-24.555359,-27.493164,-28.245667,-30.27472,-34.267517,-21.488586,-21.195923,-35.540283,-30.032166
0.0,-26.623474,-23.321167,-34.856445,-39.60913,-27.50116,-36.783325,-38.33423,-26.186401,-32.531616,-49.697388,-21.224548,-26.419067,-33.624878,-35.333313,-36.71173,-18.501099,-47.630737,-27.59668,-32.474487,-36.45575,-31.529175,-47.81256,-42.120728,-50.44812,-21.254211,-41.95392,-39.407898,-21.698547,-25.347656,-28.290894,-28.221863,-31.299866,-35.124878,-22.304321,-21.89508,-36.681885,-31.588623
0.0,-27.288696,-24.459656,-35.843323,-40.07312,-27.527954,-37.769653,-39.43445,-27.165771,-33.43286,-51.074097,-21.658936,-26.94519,-34.590027,-35.91931,-37.55542,-19.155396,-49.13965,-28.543701,-34.597046,-38.171448,-31.329285,-49.100037,-43.24646,-51.378296,-21.63977,-42.3183,-40.6615,-22.756958,-25.953857,-28.838013,-28.910095,-30.969116,-35.304565,-23.177368,-22.253235,-36.58142,-30.912964
0.0,-27.804504,-24.409119,-36.01117,-40.387146,-28.336853,-38.67798,-40.62744,-27.792114,-34.553894,-52.87616,-22.34961,-27.554688,-35.454285,-36.990356,-38.846497,-19.559631,-49.850525,-29.283508,-35.762817,-36.562683,-31.576172,-51.35956,-44.48633,-52.1734,-22.451355,-43.698303,-41.94391,-23.248596,-25.64032,-30.087402,-29.392395,-31.995056,-35.84192,-24.304138,-24.222595,-37.51831,-32.297974
0.0,-27.727966,-24.613647,-36.900635,-40.425842,-28.932373,-38.83734,-40.497803,-27.60138,-35.018066,-53.928833,-22.27539,-27.379333,-35.44403,-37.341675,-39.485962,-20.279297,-50.452515,-29.0224,-36.129517,-39.651184,-30.774902,-51.965027,-44.14154,-51.8031,-23.148254,-44.378296,-41.987732,-22.03125,-24.421265,-29.746643,-29.042542,-32.072937,-36.32837,-24.240845,-24.20935,-38.014465,-31.69165
0.0,-28.29834,-24.74878,-36.381714,-40.28827,-29.031494,-39.37317,-41.42456,-28.001282,-36.09735,-53.77942,-23.152039,-27.93164,-35.909058,-37.639404,-39.512024,-19.702087,-50.26953,-29.000427,-35.87024,-40.717163,-31.103088,-47.896973,-44.910828,-52.942993,-24.388306,-43.954285,-42.279236,-22.75409,-24.678467,-30.717834,-28.639832,-38.652893,-36.587524,-25.153687,-23.999573,-37.743713,-31.673584
0.0,-27.627136,-24.649414,-37.038574,-40.328247,-28.350037,-39.76239,-41.228516,-28.013733,-36.033813,-53.99359,-21.922852,-27.3125,-35.570007,-37.827454,-39.619263,-18.888062,-51.039978,-29.302185,-36.455444,-40.637695,-30.00116,-51.64508,-44.519165,-53.376648,-23.676758,-44.161438,-42.724,-22.356262,-23.73413,-29.629395,-28.34607,-37.18976,-37.12195,-24.62915,-24.427612,-38.44934,-30.474121
0.0,-28.612915,-24.009277,-37.79773,-41.254395,-29.367065,-40.67578,-42.494507,-28.377563,-37.108887,-55.755737,-21.843445,-28.544678,-35.566345,-37.621033,-40.224854,-18.832703,-52.086853,-29.073975,-37.601624,-41.641235,-30.671692,-53.331726,-45.553528,-53.823364,-23.822021,-44.794373,-43.54773,-23.138306,-24.364746,-30.446777,-29.539978,-37.000427,-36.8479,-25.103638,-23.781677,-39.089478,-31.425964
0.0,-28.513306,-25.217896,-37.94507,-41.342102,-29.580688,-41.237366,-43.770264,-28.91101,-38.03015,-56.544556,-23.460632,-30.259705,-36.405945,-38.27655,-40.7865,-19.40393,-52.75006,-29.675293,-37.901367,-42.561523,-30.626099,-53.552246,-45.72882,-54.250366,-24.82837,-45.652466,-44.255432,-23.748596,-24.974731,-31.174316,-30.095215,-37.088196,-36.85791,-25.18341,-24.565247,-39.50244,-31.679688
0.0,-28.080322,-24.819458,-38.485962,-41.711914,-29.26294,-41.437134,-44.26367,-28.781738,-38.44226,-57.36267,-22.15332,-29.122559,-36.391235,-37.947876,-40.58252,-18.615845,-53.053833,-29.154175,-38.217407,-42.816772,-30.496338,-53.585205,-46.14624,-54.62268,-24.373169,-46.30664,-44.961,-22.952393,-24.108276,-29.265503,-30.1745,-37.217407,-37.57605,-25.283691,-24.585327,-39.720337,-32.272644
0.0,-28.867432,-25.317139,-38.66028,-42.479797,-29.884033,-42.281494,-44.13965,-29.018799,-37.603394,-58.346497,-24.278076,-30.644775,-37.3584,-38.840576,-41.721436,-18.992065,-53.41858,-29.856934,-38.850464,-42.656372,-31.493042,-54.723206,-46.9364,-56.14612,-24.724121,-46.96161,-45.706604,-22.83081,-24.56836,-30.046143,-30.108643,-38.10437,-38.8739,-25.505981,-25.137695,-40.324463,-33.00525
0.0,-28.901123,-26.09729,-39.79834,-43.078735,-29.951172,-43.097168,-44.376587,-29.730835,-38.21521,-59.97351,-23.465698,-31.209229,-37.90796,-39.416504,-41.98047,-19.771973,-54.93274,-30.095947,-38.356934,-44.45996,-33.03723,-55.214966,-47.851685,-56.722534,-25.305298,-47.520386,-46.37915,-24.431519,-25.267456,-30.94165,-31.184326,-41.36389,-40.222412,-26.267334,-25.473633,-42.288086,-33.367798
0.0,-29.114502,-26.305908,-40.07434,-43.41809,-30.959473,-44.149048,-45.686523,-31.233887,-39.2323,-61.35327,-24.468262,-31.739136,-39.00708,-40.210938,-42.488037,-19.623047,-55.337646,-30.559082,-39.63086,-44.58069,-33.497803,-56.50476,-48.341553,-57.351807,-26.053345,-48.0896,-47.228516,-24.397095,-26.845825,-31.389282,-31.55017,-41.571045,-39.886963,-25.308716,-26.022095,-42.111694,-34.475952
0.0,-29.018433,-26.743774,-40.485596,-44.45215,-31.026611,-44.73047,-46.269775,-30.382935,-40.366455,-62.892944,-23.717773,-28.38147,-39.302612,-40.419678,-43.402466,-19.533081,-55.958008,-30.93042,-41.402954,-46.02014,-33.378784,-57.33716,-49.112183,-58.683594,-25.725952,-49.06311,-47.536255,-24.723999,-26.392944,-31.304321,-32.931763,-41.93457,-40.42993,-25.752563,-26.279785,-42.78235,-34.894043
0.0,-29.436768,-26.992554,-41.33264,-44.59082,-31.69812,-44.6084,-48.9906,-31.985718,-42.43701,-63.837524,-24.891357,-30.300537,-39.91272,-41.44568,-44.901978,-20.136108,-56.57495,-31.000854,-41.339355,-46.634033,-33.713013,-59.267944,-48.984375,-58.642212,-26.814575,-49.647705,-48.538086,-25.478638,-27.89148,-32.18799,-32.49341,-42.670288,-40.357788,-24.957397,-26.82837,-42.21765,-35.283447
0.0,-29.828857,-27.735107,-42.333008,-45.192017,-32.38867,-46.05481,-48.427246,-31.73413,-41.932495,-64.62781,-24.875122,-30.821167,-40.81421,-41.819824,-44.637207,-20.948975,-57.811035,-32.07617,-42.66333,-48.189575,-34.852295,-60.50171,-50.161865,-59.49414,-27.349731,-50.283447,-49.622314,-26.244751,-28.170044,-32.79883,-32.60034,-42.243286,-41.825317,-26.044922,-27.668457,-44.14038,-36.020874
0.0,-29.984009,-27.766235,-41.865234,-45.281982,-33.209595,-46.202026,-49.114624,-32.325195,-42.279175,-65.19629,-25.28711,-31.243286,-40.80066,-41.816772,-46.417725,-20.90686,-57.718994,-31.49585,-42.07959,-48.556274,-35.13147,-61.13037,-50.394287,-59.54492,-27.241089,-50.239136,-49.507446,-24.360596,-27.958008,-33.355103,-32.474487,-42.530518,-42.83142,-28.013062,-27.773193,-44.398438,-36.485107
0.0,-30.174072,-27.812256,-42.947754,-45.890503,-33.35034,-46.217773,-50.062378,-33.017212,-43.28015,-67.15283,-25.754517,-32.457275,-40.555054,-42.57959,-45.941284,-21.195435,-58.47046,-31.892456,-43.243652,-49.496094,-34.768066,-61.89087,-51.333496,-60.482666,-27.43042,-50.642456,-49.929077,-22.50708,-28.082275,-34.229004,-31.85437,-42.371094,-42.937744,-26.743164,-27.13208,-44.507812,-35.664917
0.0,-30.239014,-28.1781,-43.680664,-46.651245,-34.154663,-47.357666,-50.80127,-33.58484,-44.295288,-68.66699,-25.276245,-31.531128,-42.064697,-42.66809,-47.29492,-20.750244,-59.56482,-32.082764,-43.92273,-50.28125,-35.770996,-62.90979,-51.70349,-60.85559,-28.383911,-51.554077,-50.8302,-23.202637,-28.479126,-34.86853,-32.049316,-41.96631,-45.842896,-26.61377,-27.47815,-45.627075,-36.23755
0.0,-31.416748,-28.894531,-44.401978,-47.208984,-35.28003,-48.658936,-50.9364,-33.916138,-45.033936,-69.4635,-26.813843,-33.43872,-42.450684,-43.89734,-47.521362,-21.837769,-61.194946,-32.777832,-44.86499,-51.540527,-36.60205,-64.812744,-53.485107,-61.823853,-29.136963,-52.579346,-51.84839,-23.929443,-29.328125,-35.345093,-32.973877,-42.803345,-46.20349,-28.119629,-28.749756,-46.407227,-34.201538
0.0,-32.180054,-29.381714,-44.666138,-48.176514,-36.08252,-50.06018,-52.749878,-34.953125,-46.22339,-71.99255,-27.363403,-33.47473,-43.08081,-44.546387,-48.6792,-21.687012,-61.96521,-33.15027,-44.367065,-52.756104,-37.64453,-65.92517,-54.765503,-62.672607,-29.838867,-53.83081,-52.97705,-24.477661,-31.256348,-34.91211,-33.98645,-42.898315,-47.701904,-29.48877,-32.10132,-46.445435,-37.570557
0.0,-32.65161,-30.200684,-46.501953,-48.89917,-36.91272,-51.013916,-54.5708,-36.464355,-47.775757,-73.467896,-27.381958,-33.102905,-43.928833,-44.827637,-50.054565,-22.127686,-63.031372,-34.283936,-45.773926,-53.478394,-37.815918,-67.68872,-55.27356,-63.94165,-30.196167,-54.39453,-54.16919,-25.063477,-31.552124,-39.27246,-33.81897,-44.639526,-47.930176,-29.424438,-29.416748,-47.863525,-37.623535
0.0,-33.309692,-29.793457,-47.270264,-49.696167,-37.37085,-51.17273,-54.62976,-36.049072,-48.377808,-74.68176,-28.472656,-35.32495,-44.85144,-46.365967,-50.96216,-21.878174,-63.432617,-34.871582,-47.09436,-53.934814,-37.66089,-68.548096,-56.368774,-64.56946,-30.544434,-54.70459,-55.053345,-25.206543,-31.27246,-37.17334,-33.464844,-44.793945,-47.570923,-29.314331,-29.819092,-47.585938,-37.681274
0.0,-33.57202,-30.62561,-47.004395,-50.168823,-37.618896,-52.683594,-56.970703,-37.363525,-50.364014,-76.48987,-28.230347,-34.789062,-46.306763,-46.685913,-50.82715,-22.757935,-64.62793,-34.631226,-47.36389,-55.583984,-38.802612,-69.945435,-57.030884,-65.249146,-31.137451,-55.55249,-56.48706,-25.664795,-30.940186,-37.406006,-34.342407,-44.660645,-49.895752,-30.095459,-30.20459,-48.842163,-39.384766
0.0,-34.621826,-31.05957,-48.006836,-51.37024,-38.923096,-52.991333,-57.17639,-37.85376,-50.748047,-77.67102,-31.061646,-36.774048,-47.93274,-48.469482,-52.905396,-23.111572,-66.204956,-35.362793,-48.678345,-57.15161,-39.722412,-71.466064,-57.974243,-66.298584,-31.49707,-57.12793,-57.454346,-26.38623,-32.273193,-38.031982,-35.221924,-44.989502,-49.2854,-31.533691,-29.969482,-50.74646,-40.252686
0.0,-34.677002,-31.829712,-47.42444,-52.4729,-39.532837,-54.583374,-58.38257,-38.210205,-52.224,-79.16211,-31.024048,-36.60083,-48.62683,-49.04712,-54.4281,-23.523193,-66.72412,-37.0011,-50.279053,-57.995605,-38.918457,-71.6344,-58.670044,-67.701904,-31.079712,-57.97046,-57.700806,-26.697388,-31.848877,-40.48169,-36.202515,-44.592163,-50.068115,-32.576538,-31.592041,-51.663574,-40.32727
0.0,-35.42737,-32.25647,-46.95056,-53.020752,-39.96045,-55.4541,-59.373047,-39.12561,-53.03528,-81.670166,-31.059692,-36.146973,-49.218994,-49.48633,-55.11194,-24.391113,-68.10254,-37.650757,-52.16162,-58.515015,-39.998657,-73.81885,-59.715576,-68.525024,-33.229248,-58.956543,-59.107544,-27.993896,-32.680786,-40.34851,-35.99475,-44.92102,-49.633057,-31.402222,-32.44153,-52.124756,-40.836548
0.0,-36.696045,-32.83423,-48.377197,-53.841553,-40.165405,-56.99951,-61.06836,-40.11328,-54.502686,-83.42407,-32.806274,-37.174927,-49.936646,-49.9729,-56.20703,-24.488037,-69.38513,-38.128784,-53.63208,-58.590576,-41.000732,-74.93713,-61.103516,-68.76196,-33.63208,-59.5459,-60.013306,-28.764404,-35.041504,-38.456787,-36.776367,-46.255005,-50.99341,-32.367188,-32.440918,-52.3219,-40.856323
0.0,-37.265747,-33.378418,-49.210815,-54.675293,-41.282227,-57.26245,-61.790527,-40.388916,-55.42102,-85.423584,-33.220947,-37.96216,-51.157227,-51.487793,-57.404053,-25.187256,-70.79187,-38.51587,-53.836548,-60.144165,-41.64502,-77.08887,-61.79419,-70.51526,-34.644897,-61.023804,-61.32605,-29.689209,-36.5791,-40.789917,-38.700806,-46.612427,-53.18799,-33.6792,-32.700684,-53.697388,-42.273315
0.0,-37.568726,-33.518555,-49.83142,-55.577026,-41.579224,-58.108643,-62.46704,-40.089233,-56.672607,-85.86438,-33.040405,-38.31018,-51.261963,-51.79187,-58.464478,-25.826782,-71.39673,-38.16919,-54.45459,-60.238647,-41.50525,-76.07153,-62.756958,-70.95642,-35.00818,-61.8739,-62.19153,-28.514648,-35.69275,-38.567017,-37.252808,-46.616577,-53.776855,-32.80786,-34.131836,-53.531372,-41.45862
0.0,-38.33496,-33.876953,-50.709473,-56.208374,-42.36194,-58.337646,-64.11902,-41.008423,-57.632202,-87.99475,-32.919067,-37.407227,-51.640625,-52.34326,-58.520752,-25.67627,-72.566284,-38.377686,-55.39331,-61.59839,-42.657715,-78.56616,-63.999268,-71.60864,-35.10962,-63.138428,-63.47754,-28.31726,-35.42395,-40.30127,-38.638428,-47.594604,-53.872314,-32.863403,-34.112427,-53.780884,-42.197388
0.0,-38.763184,-34.108032,-51.90747,-57.4823,-41.726562,-58.97461,-64.093506,-40.733643,-56.77539,-88.76343,-33.610718,-38.679688,-53.007446,-52.26587,-59.312622,-24.846191,-73.09326,-38.829346,-56.00183,-62.519775,-43.204346,-78.39966,-64.37317,-72.5896,-35.233154,-64.120605,-63.27942,-29.336426,-36.163086,-40.749756,-38.145752,-47.26587,-54.52368,-32.46399,-34.49585,-55.043945,-42.38684
0.0,-39.748047,-35.146484,-53.77881,-59.43091,-43.259033,-61.17102,-65.122314,-41.727783,-57.848877,-88.57141,-34.314453,-39.520508,-54.815308,-54.091187,-61.192017,-25.231934,-75.16101,-40.47119,-57.59558,-64.119385,-44.012573,-79.737305,-66.727295,-74.8501,-36.12915,-65.96875,-65.95984,-28.470337,-36.89453,-41.00659,-38.359375,-48.756348,-55.082275,-34.680176,-35.036865,-56.111816,-43.70166
0.0,-40.334106,-35.80945,-54.7688,-60.301025,-44.220093,-62.72119,-66.855835,-42.549927,-59.319946,-91.927124,-35.259155,-41.065674,-56.07373,-54.715332,-62.02881,-26.260498,-76.42163,-41.26294,-58.869873,-65.16113,-45.576538,-82.05786,-67.513916,-75.85205,-37.850586,-67.56665,-66.707275,-30.232056,-37.503662,-43.03369,-39.997803,-49.963623,-56.869873,-35.777832,-36.420776,-57.929077,-45.376587
0.0,-41.021606,-36.474487,-56.489136,-61.40576,-44.87195,-63.759277,-68.08325,-43.571777,-60.000854,-93.26514,-33.157837,-39.311035,-57.01758,-55.924805,-62.718384,-26.915405,-77.389404,-42.18396,-60.01953,-66.63159,-46.074707,-83.16211,-68.59888,-77.42749,-37.959595,-68.35632,-67.84546,-31.002563,-37.342896,-45.046875,-39.245728,-51.410767,-57.479126,-35.374878,-37.184204,-58.969116,-46.208862
0.0,-41.655518,-37.385498,-57.252686,-62.128418,-45.37549,-64.737305,-68.677734,-44.48694,-61.040894,-95.12622,-35.50708,-42.30188,-58.539307,-57.444702,-64.30554,-27.34729,-79.27661,-42.654663,-60.612305,-68.129395,-46.939575,-85.10132,-69.97925,-78.77246,-38.31714,-70.15723,-69.17432,-31.854126,-38.18091,-45.31909,-42.031982,-53.31714,-58.680786,-37.25464,-38.087402,-60.285156,-46.93335
0.0,-42.398193,-37.809204,-59.039795,-63.92456,-45.855957,-65.1449,-71.162476,-45.33142,-63.014282,-96.7655,-36.000732,-41.703247,-59.355957,-57.97119,-65.16919,-27.65503,-81.05835,-42.682373,-61.381836,-69.6012,-47.1593,-86.81213,-71.362305,-79.51282,-39.139404,-71.32898,-70.2157,-31.840088,-37.67871,-45.445557,-41.95056,-53.018555,-58.82129,-37.309204,-37.74585,-61.295166,-47.91626
0.0,-43.117065,-38.443604,-58.960083,-64.10034,-47.306274,-66.35449,-72.86133,-45.951538,-64.63599,-99.139404,-38.11389,-44.72339,-60.804443,-58.5094,-67.32971,-28.432251,-82.03003,-44.530518,-63.758545,-70.891235,-48.204346,-88.55908,-71.8916,-80.312256,-41.61328,-73.642334,-71.78882,-33.30078,-40.072754,-47.296387,-44.07776,-57.72278,-60.940796,-39.16797,-38.911377,-61.30237,-49.918945
0.0,-43.752563,-39.246338,-59.519775,-65.51477,-48.519043,-67.90271,-74.098145,-46.72815,-64.31116,-100.41333,-38.055542,-44.841064,-62.434082,-60.69226,-67.96619,-29.288452,-83.72766,-45.69153,-65.18164,-73.31494,-49.72705,-89.94006,-73.62781,-82.26099,-41.76819,-74.94995,-73.49133,-32.988525,-39.605225,-48.642944,-44.252563,-57.841553,-61.96045,-40.077026,-39.531982,-63.082397,-50.862305
0.0,-44.80542,-40.051758,-61.115967,-67.27356,-50.0011,-69.390625,-76.81177,-48.557373,-66.10547,-102.69336,-38.39453,-45.26172,-62.829468,-61.25952,-69.592896,-29.938965,-85.473755,-46.103516,-66.16174,-75.127686,-52.12622,-90.57654,-75.19519,-84.23877,-43.49341,-76.430176,-75.28003,-34.40161,-41.604004,-50.396362,-43.951294,-58.913574,-65.36084,-41.043213,-41.280884,-65.70068,-51.795166
0.0,-46.036865,-40.309814,-63.193115,-68.50256,-50.968628,-71.365845,-78.12781,-48.89746,-66.79944,-105.340454,-37.78308,-45.24756,-65.12219,-63.114136,-71.836914,-30.157593,-87.2937,-46.878906,-68.126465,-76.547,-52.73633,-93.15564,-77.20093,-83.73242,-43.893555,-78.62695,-77.19873,-35.516357,-40.697998,-50.583984,-44.864502,-60.48181,-65.61328,-40.884033,-41.223877,-65.60156,-52.50183
0.0,-48.76709,-41.9906,-63.990112,-69.66345,-51.919678,-73.11755,-78.23877,-48.45337,-67.18884,-106.11609,-41.64514,-48.66736,-65.73096,-63.471924,-72.49072,-30.622803,-89.04419,-47.92285,-70.15515,-77.75,-52.981445,-93.671875,-78.301025,-86.865234,-44.10547,-79.43176,-78.66431,-35.305786,-40.723267,-51.13611,-44.651367,-62.044067,-66.62427,-41.952637,-41.0354,-64.90747,-53.35083
0.0,-51.014038,-44.85327,-67.26294,-74.23108,-55.50659,-75.24121,-83.98572,-52.64038,-72.05554,-111.089355,-43.83496,-51.59607,-68.80725,-67.258545,-74.99414,-34.135254,-92.85327,-50.92456,-73.70654,-82.255005,-56.660522,-98.319214,-82.078,-91.52051,-47.42993,-83.71484,-82.61548,-37.990234,-43.86731,-55.06311,-49.42993,-65.673096,-70.52588,-44.789062,-44.69641,-71.34033,-56.14258
0.0,-48.385986,-43.306885,-65.25757,-72.67383,-53.01465,-75.76294,-81.02234,-49.244507,-67.98828,-109.49988,-43.360107,-51.606445,-67.808105,-66.85913,-74.03345,-31.220703,-91.74255,-49.087646,-72.61633,-80.05542,-54.94458,-97.35693,-80.51721,-90.369385,-44.827393,-82.08472,-81.112915,-34.749023,-41.61377,-51.882324,-44.947266,-63.09082,-67.99951,-41.71643,-41.94629,-68.21655,-54.01172
0.0,-50.14319,-44.739746,-67.14966,-74.50745,-55.564087,-78.56775,-84.97168,-51.174194,-71.365845,-112.71326,-44.094727,-52.0907,-69.5968,-68.73547,-76.08594,-32.305298,-94.60535,-50.576782,-75.055176,-82.97595,-56.294067,-98.120605,-82.80505,-92.05481,-46.672485,-84.43933,-83.51062,-37.345337,-43.252563,-53.994995,-48.493774,-63.845093,-71.10828,-44.489136,-43.526733,-71.25745,-56.14502
0.0,-50.698364,-45.989746,-68.00879,-76.66821,-55.990234,-79.64441,-87.14319,-50.74109,-72.8396,-116.338135,-41.41443,-49.914185,-70.61084,-69.40332,-77.36426,-32.408936,-97.14868,-51.04309,-76.714355,-83.72339,-56.636963,-100.576294,-84.46326,-93.989136,-46.947998,-86.41626,-85.63989,-37.48877,-42.284668,-54.468506,-48.892456,-63.610718,-71.91223,-44.39038,-45.266357,-72.17102,-54.93982
0.0,-51.68286,-46.233643,-68.68799,-78.0,-57.85547,-81.67334,-89.41992,-51.61743,-74.253784,-116.692505,-44.9541,-52.784546,-72.65967,-71.01489,-79.61316,-33.203125,-98.83899,-52.28882,-77.45007,-86.60034,-58.579224,-102.25708,-86.816895,-97.00452,-48.54834,-88.22266,-87.30823,-37.38806,-44.417847,-55.844116,-50.022705,-66.75867,-73.20154,-46.06299,-46.61792,-74.35449,-57.180786
0.0,-52.86328,-47.940186,-70.930664,-80.10962,-59.09497,-84.91492,-92.51184,-53.874756,-77.19202,-119.80322,-45.647705,-54.370728,-74.83557,-72.71338,-82.519165,-33.971924,-102.39917,-54.101685,-80.61865,-88.05261,-60.378662,-103.572754,-88.90662,-101.26465,-49.678955,-90.4762,-89.49719,-36.651367,-45.946777,-55.61792,-51.156982,-67.0957,-75.42041,-47.017456,-46.182373,-74.89429,-58.635986
0.0,-54.02661,-48.958496,-72.13843,-82.67163,-61.00952,-87.08472,-94.03308,-53.662598,-77.76172,-121.87402,-47.31494,-55.32007,-77.069336,-74.67505,-83.98071,-34.817627,-104.83667,-55.402588,-82.06299,-89.677246,-61.756104,-105.29639,-90.74609,-102.2124,-50.39502,-92.616455,-92.03296,-38.510742,-47.49048,-59.35254,-52.817383,-69.062744,-76.63306,-48.301025,-49.393555,-78.14111,-61.19409
0.0,-55.087646,-50.402832,-73.771484,-84.34375,-62.253174,-89.414795,-96.465576,-54.954834,-79.79443,-123.654785,-50.016846,-59.262207,-78.323,-76.41675,-86.278564,-35.252686,-107.19946,-56.125977,-82.94629,-91.36572,-62.27539,-105.79175,-92.59912,-105.573975,-51.68286,-95.35083,-93.85474,-39.96167,-49.24463,-59.60376,-53.24048,-72.35669,-79.056885,-50.009766,-49.949707,-80.02246,-62.286377
0.0,-56.57788,-51.322266,-77.10034,-86.72803,-64.29468,-91.94409,-101.62573,-57.381348,-83.64038,-126.9707,-49.833252,-58.53296,-81.694824,-77.22876,-87.711914,-36.406982,-110.408936,-57.246338,-84.964355,-94.068115,-64.345215,-108.42383,-95.911865,-107.831055,-53.55835,-98.188965,-96.291504,-40.688477,-50.06714,-60.597656,-54.42627,-72.67554,-80.73462,-48.681885,-51.875977,-83.04126,-62.139404
0.0,-58.34912,-53.043945,-78.00391,-88.85718,-66.47656,-94.03467,-102.79663,-58.251953,-83.52197,-129.6958,-51.671387,-60.848877,-82.55347,-79.33862,-90.23828,-36.466064,-113.21265,-58.470703,-88.29199,-96.78418,-66.32666,-109.38257,-97.69165,-110.933105,-54.751465,-100.772705,-97.876465,-41.693848,-50.800293,-63.181396,-55.32959,-75.985596,-83.03296,-50.460938,-51.941895,-85.61206,-64.05347
0.0,-59.796387,-54.318848,-79.28638,-91.70776,-67.87207,-97.80127,-106.50635,-59.580322,-86.31665,-131.81396,-52.169434,-60.201416,-85.30322,-81.77954,-92.37256,-37.30957,-116.63672,-59.63672,-89.98096,-99.237305,-66.477295,-113.66846,-100.3645,-113.83423,-55.885742,-102.835205,-101.45117,-42.177246,-52.095215,-63.86084,-56.892334,-76.63989,-84.08423,-51.007812,-53.5,-87.74805,-65.49365
0.0,-61.509766,-55.289062,-80.66528,-93.59595,-70.16016,-102.69653,-109.54346,-60.23633,-88.145996,-135.1289,-55.514893,-62.94995,-86.81616,-82.05957,-95.48828,-38.12207,-119.28174,-60.72119,-93.0564,-101.43384,-68.15283,-115.18286,-102.47998,-118.118164,-58.332275,-105.38745,-103.33203,-44.791016,-54.38672,-65.237305,-58.21289,-81.111084,-87.142334,-51.479004,-54.416016,-90.41919,-67.38403
0.0,-62.948486,-56.718018,-83.045166,-96.0354,-71.19702,-104.30322,-112.66113,-61.51587,-90.77783,-138.79565,-51.84546,-58.80957,-88.97485,-84.65747,-96.32153,-39.255127,-122.07837,-61.012207,-94.07056,-103.392334,-68.93677,-117.32202,-104.86206,-118.94043,-58.80786,-107.66235,-106.378174,-45.03589,-55.37329,-66.11743,-58.55713,-83.22485,-89.096924,-52.392822,-53.881348,-92.372314,-68.36572
0.0,-65.91162,-58.572266,-85.59985,-99.21094,-74.22266,-107.68823,-116.461426,-62.59131,-92.877686,-141.83496,-59.107178,-66.46509,-91.96387,-86.72827,-100.62744,-40.328125,-126.09033,-63.41748,-97.59424,-107.107666,-72.410645,-120.37158,-107.61572,-122.759766,-61.362793,-111.94092,-108.51001,-48.0271,-57.89502,-69.6228,-61.74121,-88.47461,-92.73633,-56.588867,-56.33008,-95.86572,-71.7478
0.0,-67.48706,-60.38208,-88.42554,-102.40112,-74.923096,-112.03491,-122.67993,-66.80444,-97.63843,-145.43091,-56.361084,-63.270996,-94.38208,-89.43286,-103.16089,-41.408936,-129.8811,-65.110596,-99.68945,-109.4209,-73.0,-122.34497,-110.83179,-126.03882,-62.866943,-114.99097,-112.381836,-47.742188,-59.802246,-70.11841,-63.006104,-89.30151,-94.45996,-58.2146,-57.49585,-96.06763,-72.644775
0.0,-69.380615,-61.352783,-90.93408,-105.10498,-77.128174,-115.48657,-125.15576,-65.53418,-98.468506,-148.09766,-59.587402,-66.00244,-96.75,-90.812744,-105.05713,-41.674805,-133.3457,-66.14551,-102.96753,-112.06543,-74.72681,-125.1521,-113.3584,-128.2041,-63.817627,-117.386475,-114.74414,-49.17041,-62.403076,-73.45166,-64.09253,-90.56445,-96.078125,-59.245605,-58.153564,-100.62036,-75.38037
0.0,-71.28467,-63.319824,-93.02466,-108.68457,-79.33862,-119.124756,-128.625,-67.06421,-101.14209,-152.10718,-62.364258,-70.052,-98.51465,-93.5918,-107.79492,-42.353516,-136.5044,-68.11035,-105.75098,-114.52075,-76.76465,-126.543945,-116.73755,-132.16284,-65.98706,-120.765625,-117.83374,-50.565186,-62.93994,-75.116455,-65.02173,-93.178955,-98.7417,-60.681885,-59.46704,-102.66431,-76.56738
0.0,-73.66675,-65.42236,-95.62622,-111.543945,-81.878174,-122.95044,-132.3125,-68.710205,-104.0,-156.0144,-61.12744,-70.29053,-101.649414,-96.332275,-111.52417,-43.088867,-140.71045,-69.552,-108.11011,-117.92627,-80.51636,-131.6399,-120.36304,-135.29419,-67.26343,-124.289795,-121.2063,-50.308105,-63.98584,-77.06079,-66.68677,-94.36206,-100.15161,-60.183838,-60.471924,-105.215576,-78.366455
0.0,-75.35718,-67.052,-97.56006,-114.016846,-84.066895,-126.619385,-137.28442,-70.60449,-106.43262,-157.89746,-63.739258,-70.69702,-103.930664,-97.45557,-114.793945,-44.072998,-145.1394,-71.288574,-111.39526,-120.43848,-80.39868,-131.97168,-123.04468,-137.68555,-68.850586,-127.82007,-124.45215,-52.465332,-65.81592,-80.11035,-68.74512,-97.851074,-103.783936,-63.868652,-62.783203,-108.23779,-80.77319
0.0,-77.19409,-68.89087,-101.5271,-118.184814,-87.12622,-131.27905,-141.64136,-72.0,-109.043945,-162.18628,-69.25537,-76.786865,-107.13599,-99.833984,-118.03491,-45.679443,-149.03589,-74.47534,-115.27417,-124.02612,-83.29736,-135.18433,-127.076416,-142.50195,-71.94458,-131.53247,-127.94092,-53.506348,-68.01343,-82.79126,-71.14429,-98.53125,-106.01489,-65.38623,-64.34253,-111.96362,-84.13745
0.0,-78.73047,-71.18457,-103.57715,-120.5061,-89.01831,-134.85376,-146.21729,-74.20972,-113.01953,-166.65161,-66.67627,-74.21094,-110.25537,-102.417725,-120.79663,-47.08252,-153.0354,-74.28223,-117.78638,-126.190186,-84.68823,-137.38647,-129.75928,-145.25269,-71.97754,-134.58838,-131.14575,-54.683594,-69.60669,-82.83447,-72.90503,-100.24194,-110.53906,-66.90332,-65.985596,-116.10913,-85.87964
0.0,-81.572754,-73.181885,-105.03418,-124.40088,-91.239746,-138.52197,-149.59229,-74.615234,-114.35571,-168.02954,-69.50488,-77.48657,-113.078125,-104.08325,-123.44141,-48.174805,-157.25659,-77.22266,-120.362305,-130.26416,-88.46216,-138.72217,-134.00171,-148.6665,-72.89404,-138.50879,-135.05127,-56.501953,-72.89453,-87.44678,-74.278076,-100.27075,-113.39404,-68.6499,-67.28418,-117.39746,-87.742676
0.0,-83.61548,-75.15015,-108.808105,-126.215576,-93.66675,-142.27417,-152.66333,-76.64868,-116.87964,-171.17334,-67.32471,-77.248535,-115.85278,-107.42432,-126.220215,-48.917236,-160.71924,-79.98218,-124.1001,-132.96973,-89.6604,-141.80078,-136.70532,-152.7439,-74.88403,-142.20825,-137.74805,-56.231445,-72.40991,-88.35181,-75.89331,-102.99292,-115.1272,-69.37866,-67.52905,-121.73071,-89.653564
0.0,-86.17285,-77.23242,-111.84424,-130.49316,-96.549805,-146.21973,-157.6189,-78.35571,-120.08838,-175.00854,-69.805664,-81.1709,-118.98462,-109.79785,-130.43774,-49.940918,-165.63354,-81.234375,-126.015625,-136.40283,-92.02881,-145.74512,-140.10327,-155.0503,-76.95093,-144.63208,-140.68945,-58.54126,-75.069824,-91.09863,-78.528564,-107.31641,-118.89404,-72.97656,-70.498535,-126.052,-91.125
0.0,-88.41089,-79.69873,-114.524414,-134.5791,-99.37622,-152.26367,-162.48804,-80.38818,-123.35474,-179.66968,-72.67529,-83.58374,-122.04077,-112.29468,-134.51733,-50.567383,-169.91553,-83.48364,-128.7732,-139.85132,-94.19336,-148.23193,-144.16016,-160.3789,-79.18262,-149.54785,-144.5022,-59.702393,-77.54834,-93.14844,-80.77344,-110.40869,-120.75098,-75.604004,-71.198,-128.07812,-92.62036
0.0,-90.74634,-82.086426,-116.75537,-137.81396,-101.819824,-155.84033,-165.74121,-81.828125,-125.56714,-181.92114,-72.16821,-83.359375,-125.518555,-115.00391,-136.75342,-50.943604,-174.3628,-85.09204,-132.2002,-143.53442,-96.59961,-150.9165,-147.99658,-164.1521,-81.72119,-153.68457,-148.37183,-61.29541,-78.711426,-94.87891,-82.6853,-112.18408,-124.78174,-77.94653,-72.819824,-131.08545,-95.09717
0.0,-92.89551,-84.65796,-119.91699,-140.77051,-104.255615,-161.54614,-173.21777,-85.37866,-130.69678,-188.30469,-78.184326,-89.36279,-129.53174,-118.982666,-140.66772,-53.06909,-179.7793,-87.365234,-135.56494,-147.40625,-99.04346,-154.75732,-151.69409,-167.99976,-84.39258,-157.4956,-152.85742,-63.21631,-81.24829,-99.203125,-85.075195,-115.79932,-128.99316,-79.139404,-75.26221,-134.76416,-98.471436
0.0,-95.673584,-85.75513,-123.20776,-145.44678,-106.954346,-165.40234,-177.64355,-86.131836,-133.2312,-190.34253,-78.73364,-89.26123,-131.76025,-120.81714,-144.52197,-53.510498,-183.70532,-89.2561,-139.49194,-150.65503,-100.76099,-158.09546,-155.49951,-173.43555,-86.0437,-161.44482,-155.875,-63.97827,-82.28247,-100.69165,-86.11084,-118.0354,-130.48853,-78.82324,-75.908936,-137.27954,-99.77173
0.0,-97.24512,-87.97339,-126.256836,-149.38208,-110.07764,-170.14355,-181.86597,-88.359375,-136.34033,-195.29907,-82.52051,-94.2146,-135.28735,-124.25098,-147.36035,-54.42871,-188.1062,-90.50586,-141.4292,-154.8938,-102.97217,-160.85132,-156.875,-176.79102,-87.9314,-166.03174,-159.30542,-64.947754,-84.00537,-102.93335,-87.86304,-119.81836,-134.1084,-82.27515,-79.5437,-140.79688,-101.81421
0.0,-99.15405,-89.33032,-129.34155,-150.89038,-111.1062,-175.08008,-186.78198,-89.681885,-141.12231,-197.41187,-76.147705,-87.09717,-138.65967,-126.10474,-151.2793,-54.970215,-193.04614,-91.1189,-144.51636,-157.08594,-104.211914,-163.65454,-162.75269,-180.90967,-89.0,-168.03296,-162.70435,-64.33667,-84.923096,-103.24927,-87.880615,-119.721436,-134.96191,-80.86157,-79.71509,-142.64258,-100.88794
0.0,-101.362305,-91.19995,-132.00806,-154.20947,-112.26953,-178.74023,-192.00244,-91.069824,-144.42651,-203.53467,-81.256836,-94.460205,-140.48438,-128.48071,-153.92773,-57.805664,-197.28198,-92.5166,-147.90039,-160.13794,-104.24951,-165.57983,-165.8164,-184.34937,-90.3833,-171.69458,-165.74219,-67.8645,-86.993164,-106.13794,-88.765625,-122.61401,-139.13477,-82.895996,-81.53125,-146.48682,-103.27197
0.0,-105.61572,-94.609375,-136.84375,-160.11182,-117.69751,-184.52441,-198.32275,-94.208496,-149.05542,-207.6709,-83.59595,-96.17407,-145.4956,-131.98462,-158.82544,-58.42627,-204.08545,-97.07617,-153.58228,-166.80469,-111.032715,-170.12012,-170.9253,-192.09961,-94.3938,-177.81006,-170.62915,-70.29053,-91.55078,-110.552,-92.63403,-127.77173,-144.32178,-86.523926,-84.90723,-151.63208,-107.478516
0.0,-108.06201,-96.36206,-139.02441,-163.28394,-121.73584,-188.59546,-203.604,-95.52246,-152.23755,-212.36206,-85.901855,-98.10449,-148.4336,-135.10107,-161.93799,-59.117188,-207.29053,-99.34912,-156.4685,-171.29517,-113.93408,-172.80542,-174.40332,-196.13062,-96.23389,-181.36768,-172.77002,-72.59204,-95.28955,-113.43652,-95.18799,-131.56567,-147.73242,-89.256836,-87.0686,-155.07129,-111.39844
0.0,-109.86694,-98.30957,-142.30933,-167.00244,-122.63428,-194.3877,-209.14722,-97.781494,-156.39062,-216.68408,-88.72949,-100.53491,-152.21094,-139.19897,-165.27246,-60.695312,-212.54688,-100.76294,-161.68018,-174.12085,-115.14526,-176.32129,-178.58301,-199.64551,-98.63037,-185.83057,-177.8601,-70.76807,-94.89014,-112.69287,-94.46777,-132.52588,-148.28052,-88.520996,-86.06445,-156.93213,-109.44507
0.0,-113.01782,-100.651855,-146.44629,-173.24536,-125.927246,-199.56787,-214.53296,-99.58203,-160.25928,-222.17822,-89.67114,-101.45044,-155.35083,-142.39526,-169.53516,-61.756836,-218.14746,-103.479004,-163.75098,-178.24731,-118.248535,-180.24316,-182.7876,-204.79346,-101.194336,-190.66138,-182.3042,-72.90332,-97.98755,-117.08203,-97.983154,-138.26025,-152.54053,-92.245605,-88.87842,-162.4502,-113.54199
0.0,-115.6167,-102.42676,-148.06714,-174.02148,-128.54834,-203.35571,-220.6477,-101.85254,-163.96191,-225.01953,-94.90674,-107.373535,-160.36328,-146.19702,-173.71533,-62.537598,-224.43164,-105.37744,-167.6018,-182.3418,-120.643555,-183.16528,-188.2168,-207.69019,-102.583984,-194.8711,-187.53369,-72.9751,-99.54443,-119.06836,-98.37744,-140.14404,-155.41577,-92.69922,-90.15625,-166.02173,-114.88086
0.0,-118.993164,-105.85303,-153.31738,-180.06152,-133.34277,-210.73096,-226.34326,-104.56152,-166.90918,-230.66382,-98.447266,-110.17139,-164.64062,-150.53223,-179.73926,-64.938965,-230.7976,-110.19238,-172.61523,-187.69238,-125.191895,-187.29443,-193.30469,-214.1753,-106.046875,-201.08887,-192.82617,-76.19385,-103.168945,-124.07031,-104.22168,-145.42676,-158.95557,-97.18848,-94.44043,-171.42236,-119.606445
0.0,-121.23486,-107.92529,-156.16748,-184.83301,-136.34424,-214.98096,-233.02197,-107.25195,-171.06348,-236.22656,-99.75244,-111.74658,-167.25732,-154.4751,-182.76367,-65.808105,-235.38867,-111.86182,-175.78564,-192.16895,-127.41162,-191.51465,-197.89355,-217.69043,-107.53027,-204.47266,-196.89111,-76.69287,-103.63916,-126.791016,-106.14551,-149.0127,-162.54004,-99.65137,-94.270996,-174.63525,-120.53516
0.0,-124.382324,-111.101074,-160.29199,-187.98389,-139.45361,-221.01953,-240.37549,-109.94922,-176.6211,-241.53809,-99.365234,-112.28223,-170.7539,-157.25879,-186.7832,-66.541504,-240.4917,-113.694336,-179.9209,-195.86523,-129.68262,-193.80176,-202.01611,-223.20996,-109.65137,-209.09619,-200.52148,-77.984375,-104.975586,-129.3086,-109.223145,-152.14014,-167.68018,-101.90723,-95.66699,-178.07715,-123.66748
0.0,-126.92871,-113.24805,-163.63965,-192.44043,-141.72314,-226.10596,-245.19336,-111.395996,-178.98584,-246.35449,-104.831055,-117.73193,-174.39893,-160.76025,-189.96143,-67.16699,-246.41211,-116.15088,-184.30371,-200.31299,-132.62598,-197.29932,-206.60596,-228.29932,-112.114746,-213.18262,-205.78467,-78.52002,-105.543945,-132.1709,-109.70703,-154.01562,-167.91553,-103.24658,-96.87402,-180.8169,-123.79785
0.0,-130.26514,-116.28174,-167.12256,-197.11426,-144.92432,-231.40576,-250.61768,-113.7417,-183.42969,-250.73291,-104.84131,-118.242676,-178.33789,-164.7041,-194.94824,-69.015625,-251.96533,-119.089355,-188.7334,-205.39258,-135.95557,-201.8667,-211.62988,-233.80762,-114.03906,-218.53613,-209.87158,-81.91846,-109.47949,-136.04541,-113.839355,-158.28516,-171.03174,-105.48682,-95.96387,-185.55615,-128.24902
0.0,-132.44727,-117.99658,-170.3501,-201.2622,-146.68848,-236.14795,-255.97119,-114.625,-186.89746,-254.86865,-107.44287,-119.953125,-183.11035,-167.14453,-198.78662,-70.35498,-256.85205,-120.48389,-191.27734,-209.07861,-138.18506,-204.04541,-214.06592,-236.5747,-116.06445,-223.12158,-212.42236,-83.49219,-112.4209,-141.98975,-115.96338,-161.66455,-175.93896,-108.67432,-101.37451,-190.28711,-129.28662
-3.637586,-3.637586,-3.637586,-3.637586,-3.637586,-3.637586,-3.637586,-3.637586,-3.637586,-3.637586,-3.637586,-3.637586,-3.637586,-3.637586,-3.637586,-3.637586,-3.637586,-3.637586,-3.637586,-3.637586,-3.637586,-3.637586,-3.637586,-3.637586,-3.637586,-3.637586,-3.637586,-3.637586,-3.637586,-3.637586,-3.637586,-3.637586,-3.637586,-3.637586,-3.637586,-3.637586,-3.637586,-3.637586
